<?xml version="1.0" encoding="UTF-8"?>
<actions>
    <action>
        <actionName>run</actionName>
        <packagings>
            <packaging>jar</packaging>
        </packagings>
        <goals>
            <goal>process-classes</goal>
            <goal>package</goal>
            <goal>org.codehaus.mojo:exec-maven-plugin:exec</goal>
        </goals>
        <properties>
            <exec.args>--module-path "${project.build.directory}/modules" --module "${moduleName}/${mainClass}"</exec.args>
            <exec.executable>java</exec.executable>
        </properties>
    </action>
    <action>
        <actionName>debug</actionName>
        <packagings>
            <packaging>jar</packaging>
        </packagings>
        <goals>
            <goal>process-classes</goal>
            <goal>package</goal>
            <goal>org.codehaus.mojo:exec-maven-plugin:exec</goal>
        </goals>
        <properties>
            <exec.args>-agentlib:jdwp=transport=dt_socket,server=n,address=${jpda.address} --module-path "${project.build.directory}/modules" --module "${moduleName}/${mainClass}"</exec.args>
            <exec.executable>java</exec.executable>
            <jpda.listen>true</jpda.listen>
        </properties>
    </action>
    <action>
        <actionName>javadoc</actionName>
        <packagings>
            <packaging>*</packaging>
        </packagings>
        <goals>
            <goal>generate-sources</goal>
            <goal>javadoc:javadoc</goal>
                
        </goals>
    </action>
</actions>